{"flutter":{"platforms":{"android":{"default":{"projectId":"todoapp-cb281","appId":"1:806367836520:android:200d3e2c91775e1635bedd","fileOutput":"android/app/google-services.json"}},"dart":{"lib/firebase_options.dart":{"projectId":"todoapp-cb281","configurations":{"android":"1:806367836520:android:200d3e2c91775e1635bedd","ios":"1:806367836520:ios:252fcf121c71224935bedd","macos":"1:806367836520:ios:252fcf121c71224935bedd","web":"1:806367836520:web:a098b1bcaf76f97435bedd","windows":"1:806367836520:web:7e236c46278c8de435bedd"}}}}}}